名前,フリガナ,性別,生年月日,住所,個人番号,保険者番号
佐藤 健一,サトウ ケンイチ,男,1955/4/12,愛知県名古屋市中区栄3-150-8,1.23457E+11,62918430
鈴木 花子,スズキ ハナコ,女,1982/11/3,愛知県豊田市喜多町2-170,9.87654E+11,19384725
高橋 誠,タカハシ マコト,男,1968/8/21,愛知県岡崎市康生通東1-20,4.56124E+11,82019384
田中 優子,タナカ ユウコ,女,1995/2/14,愛知県一宮市本町3-5-17,7.89456E+11,47102938
伊藤 剛,イトウ ツヨシ,男,1973/6/30,愛知県豊橋市駅前大通1-555,3.21655E+11,50293847
渡辺 明美,ワタナベ アケミ,女,1960/12/5,愛知県春日井市鳥居松町5-444,1.59357E+11,93810274
山本 浩二,ヤマモト コウジ,男,1988/9/18,愛知県安城市御幸本町5-11,7.53952E+11,28401937
中村 恵,ナカムラ メグミ,女,2001/3/25,愛知県西尾市寄住町下田122,8.52964E+11,75910283
小林 大介,コバヤシ ダイスケ,男,1990/7/7,愛知県刈谷市相生町1-11,9.51753E+11,36029184
加藤 里奈,カトウ リナ,女,1978/5/10,愛知県小牧市中央1-2605,3.57159E+11,61920385
吉田 進,ヨシダ ススム,男,1952/1/15,愛知県稲沢市正明寺2-145,2.58369E+11,48291037
山田 太郎,ヤマダ タロウ,男,1985/10/22,愛知県瀬戸市陶原町1-14,1.47258E+11,17384920
佐々木 舞,ササキ マイ,女,1998/6/12,愛知県半田市東洋町2-1,3.69147E+11,95018274
山口 健太,ヤマグチ ケンタ,男,1975/4/4,愛知県東海市大田町後田22,1.23789E+11,53920186
松本 さくら,マツモト サクラ,女,1965/9/29,愛知県江南市赤童子町大堀65,7.89123E+11,82710493
井上 隆,イノウエ タカシ,男,1959/11/18,愛知県大府市中央町3-27,4.56789E+11,20193847
木村 幸子,キムラ サチコ,女,1980/2/8,愛知県日進市蟹甲町中島45,1.59753E+11,74102938
林 直樹,ハヤシ ナオキ,男,1992/12/24,愛知県あま市七宝町遠島十坪11,7.5316E+11,39281045
斎藤 美咲,サイトウ ミサキ,女,2003/5/5,愛知県知多市つつじが丘1-1,9.51357E+11,65019284
清水 徹,シミズ トオル,男,1970/8/15,愛知県北名古屋市西之保清水田15,3.57951E+11,18293047
山崎 裕子,ヤマザキ ユウコ,女,1962/3/30,愛知県尾張旭市東大道町原田25,8.52457E+11,92817365
森 健二郎,モリ ケンジロウ,男,1983/6/6,愛知県豊明市新田町子持松1,2.58147E+11,40192837
阿部 真由美,アベ マユミ,女,1996/1/20,愛知県高浜市青木町4-1,1.47369E+11,57281904
池田 勇気,イケダ ユウキ,男,1976/9/11,愛知県岩倉市栄町1-50,3.69258E+11,83920156
橋本 香織,ハシモト カオリ,女,1989/11/27,愛知県豊川市諏訪3-133,1.23123E+11,27384910
山下 昇,ヤマシタ ノボル,男,1950/10/1,愛知県蒲郡市港町17,4.56456E+11,61029385
中島 玲奈,ナカジマ レナ,女,2000/7/19,愛知県常滑市新開町4-1,7.8979E+11,35019284
石川 拓哉,イシカワ タクヤ,男,1984/4/28,愛知県新城市字中野15,1.11222E+11,94820153
前田 智子,マエダ トモコ,女,1967/12/12,愛知県知立市弘法町弘法山2,5.55667E+11,72019486
藤田 聡,フジタ サトシ,男,1993/2/3,愛知県田原市田原町南新地10,9.99E+11,15926340
小川 エリカ,オガワ エリカ,女,1979/8/31,愛知県愛西市稲葉町米野25,3.33445E+11,48152937
後藤 俊介,ゴトウ シュンスケ,男,1963/5/22,愛知県清須市須ケ口123,7.77889E+11,82710496
長谷川 京子,ハセガワ キョウコ,女,1991/1/11,愛知県弥富市鯏浦町中六1,2.22556E+11,30491825
村上 龍太,ムラカミ リュウタ,男,1986/9/9,愛知県みよし市三好町小坂50,4.44777E+11,69283710
近藤 あゆみ,コンドウ アユミ,女,1974/6/18,愛知県長久手市岩作城の内60,6.66999E+11,51829307
石井 達也,イシイ タツヤ,男,1958/3/14,愛知県名古屋市千種区覚王山通8-70,1.21212E+11,93710284
坂本 奈々,サカモト ナナ,女,1999/11/5,愛知県名古屋市東区葵1-1,5.65657E+11,40285196
遠藤 翔太,エンドウ ショウタ,男,1994/7/23,愛知県名古屋市北区黒川本通2-16,9.0909E+11,27104853
青木 美穂,アオキ ミホ,女,1981/4/9,愛知県名古屋市西区花の木2-18,3.43435E+11,18394027
藤井 和也,フジイ カズヤ,男,1969/12/30,愛知県名古屋市中村区竹橋町30,7.87879E+11,75019286
西村 友美,ニシムラ トモミ,女,1977/2/25,愛知県名古屋市昭和区阿由知通3-19,1.35792E+11,84920135
三浦 謙介,ミウラ ケンスケ,男,1987/10/14,愛知県名古屋市瑞穂区瑞穂通3-32,2.46801E+11,62819407
和田 真理子,ワダ マリコ,女,1961/6/7,愛知県名古屋市熱田区神宮3-1,9.8765E+11,39102845
中田 修平,ナカタ シュウヘイ,男,1997/1/29,愛知県名古屋市中川区高畑1-200,4.56123E+11,50293816
原田 遥,ハラダ ハルカ,女,2002/8/11,愛知県名古屋市港区入船1-6,7.41853E+11,92817360
岡田 康平,オカダ コウヘイ,男,1972/3/3,愛知県名古屋市南区前浜通3-10,3.69258E+11,17384925
村田 静香,ムラタ シズカ,女,1985/9/20,愛知県名古屋市守山区小幡中1-1,1.59754E+11,48201934
上田 一郎,ウエダ イチロウ,男,1956/12/1,愛知県名古屋市緑区鳴海町母呂後75,9.51357E+11,29481057
武田 優希,タケダ ユウキ,男,1990/4/17,愛知県名古屋市名東区上社2-50,7.53951E+11,73910286
佐野 結衣,サノ ユイ,女,2004/2/9,愛知県名古屋市天白区島田2-101,3.5716E+11,61029384
杉山 裕太,スギヤマ ユウタ,男,1978/11/25,愛知県津島市天王通り1-1,1.23466E+11,84192035
井口 加奈子,イグチ カナコ,女,1966/5/16,愛知県犬山市犬山北古券12,1.09877E+11,35019287
河野 勝,コウノ マサル,男,1953/7/8,愛知県小牧市小牧3-555,2.34568E+11,58291034
平野 麻衣,ヒラノ マイ,女,1995/10/2,愛知県稲沢市稲葉3-1,3.21099E+11,20193845
小野 慎吾,オノ シンゴ,男,1982/1/31,愛知県新城市杉山字大東23,3.45679E+11,93820154
田村 久美子,タムラ クミコ,女,1971/8/23,愛知県東海市富木島町伏見1,4.3211E+11,47102936
野口 拓也,ノグチ タクヤ,男,1988/6/15,愛知県大府市江端町4-1,4.56789E+11,16293047
竹内 千尋,タケウチ チヒロ,女,2000/12/6,愛知県知多市八幡字新町1,5.43211E+11,85019234
横山 賢治,ヨコヤマ ケンジ,男,1964/3/21,愛知県知立市池端3-1,5.6789E+11,39201847
古川 茜,フルカワ アカネ,女,1993/9/13,愛知県尾張旭市旭前町新田1,6.54321E+11,71920386
小島 昭二,コジマ ショウジ,男,1957/2/4,愛知県高浜市春日町5-1,6.78901E+11,62839104
飯田 律子,イイダ リツコ,女,1975/11/19,愛知県岩倉市本町一丁田10,7.65432E+11,50192837
浅野 哲也,アサノ テツヤ,男,1986/5/27,愛知県豊明市前後町善江1,7.89012E+11,94810275
工藤 みゆき,クドウ ミユキ,女,1999/1/8,愛知県日進市米野木町丁田30,8.76543E+11,18293046
大久保 淳,オオクボ ジュン,男,1973/7/14,愛知県田原市伊良湖町宮下20,8.90123E+11,27384915
松井 恵子,マツイ ケイコ,女,1960/10/26,愛知県愛西市諏訪町中島3,9.87654E+11,49102834
堀 俊一,ホリ シュンイチ,男,1991/4/2,愛知県清須市西枇杷島町花咲1,1.35791E+11,83920157
西川 由香,ニシカワ ユカ,女,1984/8/9,愛知県北名古屋市鹿田合田20,2.46802E+11,65019284
吉川 亮太,ヨシカワ リョウタ,男,2005/11/22,愛知県弥富市前ケ須町南本田5,3.57914E+11,30192845
福島 瞳,フクシマ ヒトミ,女,1979/2/17,愛知県みよし市福田町山畑1,4.68025E+11,72819307
土屋 賢司,ツチヤ ケンジ,男,1968/6/29,愛知県あま市木田道下1,5.79136E+11,95102834
酒井 直美,サカイ ナオミ,女,1996/12/10,愛知県長久手市仏が根10,6.80247E+11,54019286
松田 耕介,マツダ コウスケ,男,1954/5/3,愛知県愛知郡東郷町春木白土1,7.91358E+11,16293045
永井 由美,ナガイ ユミ,女,1983/9/7,愛知県西春日井郡豊山町豊場伊勢山1,8.02468E+11,83910254
本田 健三,ホンダ ケンゾウ,男,1974/1/24,愛知県丹羽郡大口町下小口5-1,9.13579E+11,40291837
高木 彩,タカギ アヤ,女,2001/7/5,愛知県丹羽郡扶桑町柏森辻田1,2.46803E+11,27381906
中川 光,ナカガワ ヒカル,男,1989/10/18,愛知県海部郡大治町馬島1-1,1.23412E+11,61920387
安藤 千夏,アンドウ チナツ,女,1965/3/12,愛知県海部郡蟹江町学戸3-1,4.32143E+11,93019286
宮崎 徹也,ミヤザキ テツヤ,男,1951/8/30,愛知県海部郡飛島村竹之郷1,5.67857E+11,58201934
石田 香織,イシダ カオリ,女,1976/11/15,愛知県知多郡阿久比町卯坂1,8.76588E+11,14920387
上野 敏夫,ウエノ トシオ,男,1962/4/21,愛知県知多郡東浦町生路1,9.0129E+11,75102936
丸山 順子,マルヤマ ジュンコ,女,1994/6/2,愛知県知多郡南知多町内海1,2.10921E+11,39201845
横田 浩平,ヨコタ コウヘイ,男,1980/12/28,愛知県知多郡美浜町河和1,3.45635E+11,82019376
大野 絵里,オオノ エリ,女,1997/5/14,愛知県知多郡武豊町向陽1,6.54365E+11,61928307
河合 隆史,カワイ タカシ,男,1970/2/6,愛知県額田郡幸田町菱池1,7.89079E+11,47382015
谷口 真紀,タニグチ マキ,女,1987/9/23,愛知県豊橋市神野新田町1,9.8707E+11,20193844
北村 雄大,キタムラ ユウダイ,男,1998/1/16,愛知県岡崎市羽根町1,1.11122E+11,95018276
黒田 奈緒,クロダ ナオ,女,1964/7/26,愛知県一宮市浅井町1,4.44456E+11,53920187
大塚 英樹,オオツカ ヒデキ,男,1955/11/8,愛知県瀬戸市品野町1,7.77789E+11,18203945
五十嵐 陽子,イガラシ ヨウコ,女,1981/3/1,愛知県半田市乙川町1,1.11111E+11,74102936
服部 信吾,ハットリ シンゴ,男,1972/8/19,愛知県春日井市高蔵寺町1,3.33344E+11,82910347
加納 由紀子,カノウ ユキコ,女,1992/4/13,愛知県豊川市御油町1,6.66678E+11,30192835
水野 剛史,ミズノ ツヨシ,男,1969/10/27,愛知県津島市神守町1,9.999E+11,65820194
野田 亜希子,ノダ アキコ,女,2003/5/30,愛知県碧南市新川町1,2.22233E+11,94102835
岩田 誠二,イワタ セイジ,男,1958/12/15,愛知県刈谷市一ツ木町1,5.55567E+11,51920386
内山 理恵,ウチヤマ リエ,女,1985/6/9,愛知県豊田市山之手1,8.889E+11,27381947
片山 智也,カタヤマ トモヤ,男,1977/1/22,愛知県安城市三河安城町1,1.23451E+11,48291034
宮本 明日子,ミヤモト アスコ,女,1990/7/11,愛知県西尾市吉良町1,5.6789E+11,16019285
菅原 圭太,スガワラ ケイタ,男,1994/2/28,愛知県蒲郡市三谷町1,9.01231E+11,73920184
